index,compound
1,1.088850949
2,1.055074599
3,1.047034144
4,1.065830601
5,1.050634374
6,1.078600187
7,1.076630256
8,1.044868791
9,1.016276991
10,1.010179329