"","index","compound"
"1",1,1.08885094850949
"2",2,1.05507459874757
"3",3,1.04703414370168
"4",4,1.06583060096407
"5",5,1.05063437374999
"6",6,1.07860018656543
"7",7,1.07663025567377
"8",8,1.04486879065955
"9",9,1.01627699076921
"10",10,1.0101793288246
